{
  "classification_report": {
    "bckg": {
      "precision": 0.9890403635391607,
      "recall": 0.9983810037776578,
      "f1-score": 0.9936887337182758,
      "support": 3706.0
    },
    "sz_foc_ia": {
      "precision": 0.7857142857142857,
      "recall": 0.3492063492063492,
      "f1-score": 0.4835164835164835,
      "support": 63.0
    },
    "accuracy": 0.9875298487662509,
    "macro avg": {
      "precision": 0.8873773246267231,
      "recall": 0.6737936764920035,
      "f1-score": 0.7386026086173797,
      "support": 3769.0
    },
    "weighted avg": {
      "precision": 0.985641705300114,
      "recall": 0.9875298487662509,
      "f1-score": 0.9851610468616261,
      "support": 3769.0
    }
  },
  "confusion_matrix": [
    [
      3700,
      6
    ],
    [
      41,
      22
    ]
  ],
  "sensitivity": {
    "bckg": 0.9983810037776578,
    "sz_foc_ia": 0.3492063492063492
  },
  "specificity": {
    "bckg": 0.3492063492063492,
    "sz_foc_ia": 0.9983810037776578
  },
  "weighted_f1": 0.9851610468616261,
  "macro_f1": 0.7386026086173797
}